{
  "last_node_id": 26,
  "last_link_id": 48,
  "nodes": [
    {
      "id": 23,
      "type": "UltimateSDUpscale",
      "pos": [
        1494.2683071411143,
        195.84934434204106
      ],
      "size": {
        "0": 315,
        "1": 590
      },
      "flags": {},
      "order": 10,
      "mode": 0,
      "inputs": [
        {
          "name": "image",
          "type": "IMAGE",
          "link": 38
        },
        {
          "name": "model",
          "type": "MODEL",
          "link": 39
        },
        {
          "name": "positive",
          "type": "CONDITIONING",
          "link": 40
        },
        {
          "name": "negative",
          "type": "CONDITIONING",
          "link": 41
        },
        {
          "name": "vae",
          "type": "VAE",
          "link": 42
        },
        {
          "name": "upscale_model",
          "type": "UPSCALE_MODEL",
          "link": 37
        }
      ],
      "outputs": [
        {
          "name": "IMAGE",
          "type": "IMAGE",
          "links": [
            45
          ],
          "shape": 3,
          "slot_index": 0
        }
      ],
      "properties": {
        "Node name for S&R": "UltimateSDUpscale"
      },
      "widgets_values": [
        2,
        1007117369399969,
        "randomize",
        20,
        8,
        "euler",
        "normal",
        0.13,
        "Linear",
        768,
        768,
        8,
        32,
        "None",
        1,
        64,
        8,
        16,
        "enable"
      ]
    },
    {
      "id": 25,
      "type": "UpscaleModelLoader",
      "pos": [
        1499.2683071411143,
        91.84934434204098
      ],
      "size": {
        "0": 315,
        "1": 58
      },
      "flags": {},
      "order": 0,
      "mode": 0,
      "outputs": [
        {
          "name": "UPSCALE_MODEL",
          "type": "UPSCALE_MODEL",
          "links": [
            37
          ],
          "shape": 3,
          "slot_index": 0
        }
      ],
      "properties": {
        "Node name for S&R": "UpscaleModelLoader"
      },
      "widgets_values": [
        "4x-UltraSharp.pth"
      ]
    },
    {
      "id": 6,
      "type": "CLIPTextEncode",
      "pos": [
        590,
        51
      ],
      "size": {
        "0": 422.84503173828125,
        "1": 164.31304931640625
      },
      "flags": {},
      "order": 7,
      "mode": 0,
      "inputs": [
        {
          "name": "clip",
          "type": "CLIP",
          "link": 19
        }
      ],
      "outputs": [
        {
          "name": "CONDITIONING",
          "type": "CONDITIONING",
          "links": [
            4,
            40
          ],
          "slot_index": 0
        }
      ],
      "properties": {
        "Node name for S&R": "CLIPTextEncode"
      },
      "widgets_values": [
        "Doom text logo, Doom Logo Styled, buff man with gun, hell, lava,  <lora:Harrlogos_v1.1:1>"
      ]
    },
    {
      "id": 7,
      "type": "CLIPTextEncode",
      "pos": [
        591,
        262
      ],
      "size": {
        "0": 425.27801513671875,
        "1": 180.6060791015625
      },
      "flags": {},
      "order": 6,
      "mode": 0,
      "inputs": [
        {
          "name": "clip",
          "type": "CLIP",
          "link": 18
        }
      ],
      "outputs": [
        {
          "name": "CONDITIONING",
          "type": "CONDITIONING",
          "links": [
            6,
            41
          ],
          "slot_index": 0
        }
      ],
      "properties": {
        "Node name for S&R": "CLIPTextEncode"
      },
      "widgets_values": [
        "double letters, repeating letters, ii, body, chest, II, arms, neck, ll"
      ]
    },
    {
      "id": 3,
      "type": "KSampler",
      "pos": [
        1091,
        59
      ],
      "size": {
        "0": 315,
        "1": 262
      },
      "flags": {},
      "order": 8,
      "mode": 0,
      "inputs": [
        {
          "name": "model",
          "type": "MODEL",
          "link": 20
        },
        {
          "name": "positive",
          "type": "CONDITIONING",
          "link": 4
        },
        {
          "name": "negative",
          "type": "CONDITIONING",
          "link": 6
        },
        {
          "name": "latent_image",
          "type": "LATENT",
          "link": 2
        }
      ],
      "outputs": [
        {
          "name": "LATENT",
          "type": "LATENT",
          "links": [
            7
          ],
          "slot_index": 0
        }
      ],
      "properties": {
        "Node name for S&R": "KSampler"
      },
      "widgets_values": [
        229568796036861,
        "fixed",
        22,
        6.01,
        "euler",
        "normal",
        1
      ]
    },
    {
      "id": 5,
      "type": "EmptyLatentImage",
      "pos": [
        686,
        491
      ],
      "size": {
        "0": 315,
        "1": 106
      },
      "flags": {},
      "order": 1,
      "mode": 0,
      "outputs": [
        {
          "name": "LATENT",
          "type": "LATENT",
          "links": [
            2
          ],
          "slot_index": 0
        }
      ],
      "properties": {
        "Node name for S&R": "EmptyLatentImage"
      },
      "widgets_values": [
        768,
        1024,
        1
      ]
    },
    {
      "id": 8,
      "type": "VAEDecode",
      "pos": [
        1155,
        362
      ],
      "size": {
        "0": 210,
        "1": 46
      },
      "flags": {
        "collapsed": true
      },
      "order": 9,
      "mode": 0,
      "inputs": [
        {
          "name": "samples",
          "type": "LATENT",
          "link": 7
        },
        {
          "name": "vae",
          "type": "VAE",
          "link": 8
        }
      ],
      "outputs": [
        {
          "name": "IMAGE",
          "type": "IMAGE",
          "links": [
            38,
            44
          ],
          "slot_index": 0
        }
      ],
      "properties": {
        "Node name for S&R": "VAEDecode"
      }
    },
    {
      "id": 22,
      "type": "PreviewImage",
      "pos": [
        1118,
        414
      ],
      "size": [
        256.21262512207045,
        328.11468505859375
      ],
      "flags": {},
      "order": 11,
      "mode": 0,
      "inputs": [
        {
          "name": "images",
          "type": "IMAGE",
          "link": 44,
          "slot_index": 0
        }
      ],
      "properties": {
        "Node name for S&R": "PreviewImage"
      }
    },
    {
      "id": 9,
      "type": "SaveImage",
      "pos": [
        1883,
        76
      ],
      "size": [
        536.2392486572267,
        703.7518371582031
      ],
      "flags": {},
      "order": 12,
      "mode": 0,
      "inputs": [
        {
          "name": "images",
          "type": "IMAGE",
          "link": 45
        }
      ],
      "properties": {},
      "widgets_values": [
        "chklogo/logo"
      ]
    },
    {
      "id": 10,
      "type": "LoraLoader",
      "pos": [
        -164.90862756347641,
        181.5069755920411
      ],
      "size": [
        296.7537518615716,
        126
      ],
      "flags": {},
      "order": 4,
      "mode": 0,
      "inputs": [
        {
          "name": "model",
          "type": "MODEL",
          "link": 10
        },
        {
          "name": "clip",
          "type": "CLIP",
          "link": 11
        }
      ],
      "outputs": [
        {
          "name": "MODEL",
          "type": "MODEL",
          "links": [
            47
          ],
          "slot_index": 0
        },
        {
          "name": "CLIP",
          "type": "CLIP",
          "links": [
            48
          ],
          "slot_index": 1
        }
      ],
      "title": "Load LoRA 1",
      "properties": {
        "Node name for S&R": "LoraLoader"
      },
      "widgets_values": [
        "Harrlogos_v2.0.safetensors",
        1,
        1
      ]
    },
    {
      "id": 16,
      "type": "LoraLoader",
      "pos": [
        151.09137243652344,
        181.5069755920411
      ],
      "size": [
        314.4664744750967,
        126
      ],
      "flags": {},
      "order": 5,
      "mode": 4,
      "inputs": [
        {
          "name": "model",
          "type": "MODEL",
          "link": 47
        },
        {
          "name": "clip",
          "type": "CLIP",
          "link": 48
        }
      ],
      "outputs": [
        {
          "name": "MODEL",
          "type": "MODEL",
          "links": [
            20
          ],
          "slot_index": 0
        },
        {
          "name": "CLIP",
          "type": "CLIP",
          "links": [
            18,
            19
          ],
          "slot_index": 1
        }
      ],
      "title": "Load LoRA 2",
      "properties": {
        "Node name for S&R": "LoraLoader"
      },
      "widgets_values": [
        "xl_more_art-full_v1.safetensors",
        0.4,
        0.4
      ]
    },
    {
      "id": 4,
      "type": "CheckpointLoaderSimple",
      "pos": [
        -173.90862756347641,
        40.50697559204097
      ],
      "size": [
        637.1148110595693,
        98
      ],
      "flags": {},
      "order": 2,
      "mode": 0,
      "outputs": [
        {
          "name": "MODEL",
          "type": "MODEL",
          "links": [
            10,
            39
          ],
          "slot_index": 0
        },
        {
          "name": "CLIP",
          "type": "CLIP",
          "links": [
            11
          ],
          "slot_index": 1
        },
        {
          "name": "VAE",
          "type": "VAE",
          "links": [
            8,
            42
          ],
          "slot_index": 2
        }
      ],
      "properties": {
        "Node name for S&R": "CheckpointLoaderSimple"
      },
      "widgets_values": [
        "dynavisionXLAllInOneStylized_release0557Bakedvae.safetensors"
      ]
    },
    {
      "id": 26,
      "type": "Note",
      "pos": [
        -191.92687586059628,
        425.498694525146
      ],
      "size": [
        662.3432374694821,
        273.6440789306639
      ],
      "flags": {},
      "order": 3,
      "mode": 0,
      "properties": {
        "text": ""
      },
      "widgets_values": [
        "Best Models:\n- Dynavision\nhttps://civitai.com/models/122606/dynavision-xl-all-in-one-stylized-3d-sfw-and-nsfw-output-no-refiner-needed\n- FenrisXL\nhttps://civitai.com/models/122793/fenrisxl\n\nLora needed:\nHarrlogo\nhttps://civitai.com/models/176555/harrlogos-xl-finally-custom-text-generation-in-sd\n\nBest Sizes:\n768 x 768\n768 x1024\n1024 x 768"
      ],
      "color": "#432",
      "bgcolor": "#653"
    }
  ],
  "links": [
    [
      2,
      5,
      0,
      3,
      3,
      "LATENT"
    ],
    [
      4,
      6,
      0,
      3,
      1,
      "CONDITIONING"
    ],
    [
      6,
      7,
      0,
      3,
      2,
      "CONDITIONING"
    ],
    [
      7,
      3,
      0,
      8,
      0,
      "LATENT"
    ],
    [
      8,
      4,
      2,
      8,
      1,
      "VAE"
    ],
    [
      10,
      4,
      0,
      10,
      0,
      "MODEL"
    ],
    [
      11,
      4,
      1,
      10,
      1,
      "CLIP"
    ],
    [
      18,
      16,
      1,
      7,
      0,
      "CLIP"
    ],
    [
      19,
      16,
      1,
      6,
      0,
      "CLIP"
    ],
    [
      20,
      16,
      0,
      3,
      0,
      "MODEL"
    ],
    [
      37,
      25,
      0,
      23,
      5,
      "UPSCALE_MODEL"
    ],
    [
      38,
      8,
      0,
      23,
      0,
      "IMAGE"
    ],
    [
      39,
      4,
      0,
      23,
      1,
      "MODEL"
    ],
    [
      40,
      6,
      0,
      23,
      2,
      "CONDITIONING"
    ],
    [
      41,
      7,
      0,
      23,
      3,
      "CONDITIONING"
    ],
    [
      42,
      4,
      2,
      23,
      4,
      "VAE"
    ],
    [
      44,
      8,
      0,
      22,
      0,
      "IMAGE"
    ],
    [
      45,
      23,
      0,
      9,
      0,
      "IMAGE"
    ],
    [
      47,
      10,
      0,
      16,
      0,
      "MODEL"
    ],
    [
      48,
      10,
      1,
      16,
      1,
      "CLIP"
    ]
  ],
  "groups": [
    {
      "title": "Prompt  + Render",
      "bounding": [
        562,
        -33,
        887,
        811
      ],
      "color": "#3f789e",
      "font_size": 24,
      "locked": false
    },
    {
      "title": "Upscale",
      "bounding": [
        1473,
        -33,
        355,
        834
      ],
      "color": "#a1309b",
      "font_size": 24,
      "locked": false
    },
    {
      "title": "Model + Lora Loader",
      "bounding": [
        -183,
        -37,
        667,
        364
      ],
      "color": "#8AA",
      "font_size": 24,
      "locked": false
    }
  ],
  "config": {},
  "extra": {},
  "version": 0.4
}